id_pncp_item_compra,cod_compra,cod_item_compra,numero_item_pncp,numero_grupo,numero_item_compra,descricao_resumida,material_ou_servico,valor_unitario_estimado,valor_total,quantidade,unidade_medida,orcamento_sigiloso,item_categoria_id_pncp,item_categoria_nome,criterio_julgamento_id_pncp,criterio_julgamento_nome,situacao_compra_item,situacao_compra_item_nome,tipo_beneficio,tipo_beneficio_nome,incentivo_produtivo_basico,data_inclusao_pncp,data_atualizacao_pncp,tem_resultado,ID_contratacao_PNCP,cod_fornecedor,nome_fornecedor,data_resultado,valor_total_resultado,valor_unitario_resultado,quantidade_resultado,id_compra,id_compra_item,ano_compra,sequencial_compra,orgao_entidade_cnpj,unidade_orgao_codigo_unidade,margem_preferencia_normal,margem_preferencia_adicional,numero_controle_PNCP_compra
49189670,10454508,52023071,1,0,1,Prestação de Serviços de Eletricista Prestação de Serviços de Eletricista Detalhes encontram-se no Anexo III deste processo licitatório.,Serviço,2500.0,5000.0,2.0,UNIDADE,False,3,Informática (TIC),1,Menor preço,5,Fracassado,1,Participação exclusiva para ME/EPP,False,2026-04-16 15:49:24,2026-04-26 00:51:44,,00394502000144-1-003026/2026,,,,,,,78314006000102026,7831400600010202600001,2026,3026,394502000144,783140,False,False,00394502000144-1-003026/2026
49211717,10492305,52357922,2,0,2,Publicação Legal / Editais Publicação Legal / Editais,Serviço,65.0,3250.0,50.0,UNIDADE,False,3,Informática (TIC),7,Não se aplica,2,Homologado,5,Não se aplica,False,2026-04-26 11:25:50,2026-04-26 11:28:50,True,96291141000180-1-002211/2026,61533949000141.0,S/A O ESTADO DE S.PAULO,2026-04-26,3250.0,65.0,50.0,38011206000392026,3801120600039202600002,2026,2211,96291141000180,380112,False,False,96291141000180-1-002211/2026
49211718,10492305,52357923,3,0,3,Publicação Legal / Editais Publicação Legal / Editais,Serviço,78.0,780.0,10.0,UNIDADE,False,3,Informática (TIC),7,Não se aplica,2,Homologado,5,Não se aplica,False,2026-04-26 11:25:51,2026-04-26 11:28:51,True,96291141000180-1-002211/2026,61533949000141.0,S/A O ESTADO DE S.PAULO,2026-04-26,780.0,78.0,10.0,38011206000392026,3801120600039202600003,2026,2211,96291141000180,380112,False,False,96291141000180-1-002211/2026
49211719,10492466,52358579,1,0,1,Desinsetização / Desratização / Dedetização Desinsetização / Desratização / Dedetização,Serviço,4350.0,4350.0,1.0,UNIDADE,False,3,Informática (TIC),7,Não se aplica,2,Homologado,5,Não se aplica,False,2026-04-26 15:54:04,2026-04-26 15:57:05,True,96291141000180-1-002212/2026,58861411000151.0,POTENCIA SERVICOS LTDA,2026-04-24,4350.0,4350.0,1.0,38022006005282026,3802200600528202600001,2026,2212,96291141000180,380220,False,False,96291141000180-1-002212/2026
49211720,10486291,52318432,1,0,1,Manutenção Extintores / Mangueiras - Combate Incêndio Manutenção Extintores / Mangueiras - Combate Incêndio,Serviço,33.2,597.6,18.0,UNIDADE,False,3,Informática (TIC),7,Não se aplica,2,Homologado,5,Não se aplica,False,2026-04-24 10:52:36,2026-04-26 16:48:41,True,96291141000180-1-002194/2026,8717385000114.0,SUDASEG COMERCIO E SERVICOS LTDA,2026-04-26,597.6,33.2,18.0,38022006005272026,3802200600527202600001,2026,2194,96291141000180,380220,False,False,96291141000180-1-002194/2026
49218715,10493111,52360804,10,0,10,"Condimento* aplicação: alimentação, aspecto físico: desidratada, características adicionais: óleo de milho, azeite de oliva, sal, açúcar e  es-, matéria-prima: tomate seco",Material,1.0,90.0,90.0,Embalagem 80 G,False,3,Informática (TIC),7,Não se aplica,2,Homologado,5,Não se aplica,False,2026-04-26 22:27:06,2026-04-26 22:30:07,True,07338736000113-1-000001/2025,38087485000175.0,KL COMERCIO DE ALIMENTOS LTDA,2026-04-26,90.0,1.0,90.0,93200706000012025,9320070600001202500010,2025,1,7338736000113,932007,False,False,07338736000113-1-000001/2025
49218718,10493111,52360805,5,0,5,"Pão base: de farinha de trigo refinada, ingredientes adicionais: de coco, tipo: doce, tipo adicional: bisnaga",Material,7.0,819.0,117.0,Embalagem 500 G,False,3,Informática (TIC),7,Não se aplica,2,Homologado,5,Não se aplica,False,2026-04-26 22:27:08,2026-04-26 22:30:08,True,07338736000113-1-000001/2025,38087485000175.0,KL COMERCIO DE ALIMENTOS LTDA,2026-04-26,819.0,7.0,117.0,93200706000012025,9320070600001202500005,2025,1,7338736000113,932007,False,False,07338736000113-1-000001/2025
49218719,10493111,52360806,15,0,15,"Sal acidez: 7,0, aplicação: alimentícia, teor máximo sódio: 390, tipo: refinado",Material,2.0,72.0,36.0,Quilograma,False,3,Informática (TIC),7,Não se aplica,2,Homologado,5,Não se aplica,False,2026-04-26 22:27:09,2026-04-26 22:30:09,True,07338736000113-1-000001/2025,38087485000175.0,KL COMERCIO DE ALIMENTOS LTDA,2026-04-26,72.0,2.0,36.0,93200706000012025,9320070600001202500015,2025,1,7338736000113,932007,False,False,07338736000113-1-000001/2025
49218720,10493111,52360807,17,0,17,"Vinagre acidez: 4,20, aspecto físico: líquido, aspecto visual: límpido e sem depósitos, matéria-prima: álcool cana de açúcar, tipo: neutro",Material,2.0,72.0,36.0,Frasco 500 ML,False,3,Informática (TIC),7,Não se aplica,2,Homologado,5,Não se aplica,False,2026-04-26 22:27:09,2026-04-26 22:30:09,True,07338736000113-1-000001/2025,38087485000175.0,KL COMERCIO DE ALIMENTOS LTDA,2026-04-26,72.0,2.0,36.0,93200706000012025,9320070600001202500017,2025,1,7338736000113,932007,False,False,07338736000113-1-000001/2025
49218721,10493111,52360808,2,0,2,"Carne Bovina In Natura apresentação: peça inteira, estado de conservação: congelado(a), processamento: com osso, tipo corte: acém",Material,33.99,4588.65,135.0,Embalagem 1 KG,False,3,Informática (TIC),7,Não se aplica,2,Homologado,5,Não se aplica,False,2026-04-26 22:27:10,2026-04-26 22:30:10,True,07338736000113-1-000001/2025,38087485000175.0,KL COMERCIO DE ALIMENTOS LTDA,2026-04-14,4588.65,33.99,135.0,93200706000012025,9320070600001202500002,2025,1,7338736000113,932007,False,False,07338736000113-1-000001/2025
49218722,10493111,52360809,11,0,11,"Leite Em Pó origem: de vaca, solubilidade: não instantâneo, teor gordura: integral",Material,9.5,3610.0,380.0,Embalagem 200 G,False,3,Informática (TIC),7,Não se aplica,2,Homologado,5,Não se aplica,False,2026-04-26 22:27:11,2026-04-26 22:30:11,True,07338736000113-1-000001/2025,38087485000175.0,KL COMERCIO DE ALIMENTOS LTDA,2026-04-26,3610.0,9.5,380.0,93200706000012025,9320070600001202500011,2025,1,7338736000113,932007,False,False,07338736000113-1-000001/2025
49218723,10493111,52360810,18,0,18,"Carne Salgada apresentação: em mantas, estado de conservação: seco(a), origem: bovina, tipo corte: ponta de agulha - charque",Material,42.0,3402.0,81.0,Embalagem 1 KG,False,3,Informática (TIC),7,Não se aplica,2,Homologado,5,Não se aplica,False,2026-04-26 22:27:11,2026-04-26 22:30:11,True,07338736000113-1-000001/2025,38087485000175.0,KL COMERCIO DE ALIMENTOS LTDA,2026-04-26,3402.0,42.0,81.0,93200706000012025,9320070600001202500018,2025,1,7338736000113,932007,False,False,07338736000113-1-000001/2025
49218724,10493111,52360811,4,0,4,"Pão apresentação: pré-assado congelado, base: de farinha de trigo refinada, tipo: tipo françês/branco/de sal, tipo adicional: tradicional",Material,14.0,2520.0,180.0,Quilograma,False,3,Informática (TIC),7,Não se aplica,2,Homologado,5,Não se aplica,False,2026-04-26 22:27:12,2026-04-26 22:30:12,True,07338736000113-1-000001/2025,38087485000175.0,KL COMERCIO DE ALIMENTOS LTDA,2026-04-14,2520.0,14.0,180.0,93200706000012025,9320070600001202500004,2025,1,7338736000113,932007,False,False,07338736000113-1-000001/2025
49218725,10493111,52360812,14,0,14,"Proteína Texturizada Soja apresentação: flocos, composição básica: proteína de soja 50% e carboidrato 30%, sabor: carne bovina",Material,6.9,621.0,90.0,Pacote 500 G,False,3,Informática (TIC),7,Não se aplica,2,Homologado,5,Não se aplica,False,2026-04-26 22:27:13,2026-04-26 22:30:13,True,07338736000113-1-000001/2025,38087485000175.0,KL COMERCIO DE ALIMENTOS LTDA,2026-04-26,621.0,6.9,90.0,93200706000012025,9320070600001202500014,2025,1,7338736000113,932007,False,False,07338736000113-1-000001/2025
49218726,10493111,52360813,6,0,6,"Creme De Leite processamento: uht, teor gordura: até 20% de gordura, tratamento: homogeneizado",Material,3.8,342.0,90.0,Embalagem 200 G,False,3,Informática (TIC),7,Não se aplica,2,Homologado,5,Não se aplica,False,2026-04-26 22:27:14,2026-04-26 22:30:14,True,07338736000113-1-000001/2025,38087485000175.0,KL COMERCIO DE ALIMENTOS LTDA,2026-04-26,342.0,3.8,90.0,93200706000012025,9320070600001202500006,2025,1,7338736000113,932007,False,False,07338736000113-1-000001/2025
49218727,10493111,52360814,16,0,16,"Massa De Tomate apresentação: creme, composição: tradicional, tipo: extrato concentrado",Material,3.48,469.8,135.0,Embalagem 340 G,False,3,Informática (TIC),7,Não se aplica,2,Homologado,5,Não se aplica,False,2026-04-26 22:27:15,2026-04-26 22:30:15,True,07338736000113-1-000001/2025,38087485000175.0,KL COMERCIO DE ALIMENTOS LTDA,2026-04-26,469.8,3.48,135.0,93200706000012025,9320070600001202500016,2025,1,7338736000113,932007,False,False,07338736000113-1-000001/2025
49218728,10493111,52360815,12,0,12,"Macarrão apresentação: espaguete, base da massa: de sêmola/semolina, ingredientes adicionais: com ovos, teor de umidade: massa seca",Material,3.75,1518.75,405.0,Embalagem 500 G,False,3,Informática (TIC),7,Não se aplica,2,Homologado,5,Não se aplica,False,2026-04-26 22:27:15,2026-04-26 22:30:15,True,07338736000113-1-000001/2025,38087485000175.0,KL COMERCIO DE ALIMENTOS LTDA,2026-04-26,1518.75,3.75,405.0,93200706000012025,9320070600001202500012,2025,1,7338736000113,932007,False,False,07338736000113-1-000001/2025
49218729,10493111,52360816,1,0,1,"Carne Bovina In Natura apresentação: moida, estado de conservação: congelado(a), tipo corte: acém",Material,29.99,8097.3,270.0,Embalagem 1 KG,False,3,Informática (TIC),7,Não se aplica,2,Homologado,5,Não se aplica,False,2026-04-26 22:27:16,2026-04-26 22:30:16,True,07338736000113-1-000001/2025,38087485000175.0,KL COMERCIO DE ALIMENTOS LTDA,2026-04-14,8097.3,29.99,270.0,93200706000012025,9320070600001202500001,2025,1,7338736000113,932007,False,False,07338736000113-1-000001/2025
49218733,10493111,52360817,3,0,3,"Condimento adicional: cabeça, apresentação: natural, tipo: alho",Material,35.0,1260.0,36.0,Quilograma,False,3,Informática (TIC),7,Não se aplica,2,Homologado,5,Não se aplica,False,2026-04-26 22:27:17,2026-04-26 22:30:17,True,07338736000113-1-000001/2025,38087485000175.0,KL COMERCIO DE ALIMENTOS LTDA,2026-04-14,1260.0,35.0,36.0,93200706000012025,9320070600001202500003,2025,1,7338736000113,932007,False,False,07338736000113-1-000001/2025
49218734,10493111,52360818,7,0,7,"Açúcar coloração: branca, prazo validade mínimo: 12 meses, tipo: refinado",Material,5.95,1338.75,225.0,Embalagem 1 KG,False,3,Informática (TIC),7,Não se aplica,2,Homologado,5,Não se aplica,False,2026-04-26 22:27:17,2026-04-26 22:30:17,True,07338736000113-1-000001/2025,38087485000175.0,KL COMERCIO DE ALIMENTOS LTDA,2026-04-26,1338.75,5.95,225.0,93200706000012025,9320070600001202500007,2025,1,7338736000113,932007,False,False,07338736000113-1-000001/2025
49218735,10493111,52360819,19,0,19,"Pão apresentação: cortado ao meio, base: farinha de trigo integral/enriquecida, fibras, característica adicional: sem lactose, ovos e gorduras trans, ingredientes adicionais: ácido fólico, açúcar, sal,fermento, óleo vegetal,, tipo: bisnaga cachorro quente",Material,8.5,2677.5,315.0,Embalagem 500 G,False,3,Informática (TIC),7,Não se aplica,2,Homologado,5,Não se aplica,False,2026-04-26 22:27:18,2026-04-26 22:30:18,True,07338736000113-1-000001/2025,38087485000175.0,KL COMERCIO DE ALIMENTOS LTDA,2026-04-26,2677.5,8.5,315.0,93200706000012025,9320070600001202500019,2025,1,7338736000113,932007,False,False,07338736000113-1-000001/2025
49218736,10493111,52360820,8,0,8,"Arroz Beneficiado classe: longo fino, qualidade: tipo 1, subgrupo: polido, tipo: parboilizado",Material,7.5,3375.0,450.0,Embalagem 1 KG,False,3,Informática (TIC),7,Não se aplica,2,Homologado,5,Não se aplica,False,2026-04-26 22:27:18,2026-04-26 22:30:19,True,07338736000113-1-000001/2025,38087485000175.0,KL COMERCIO DE ALIMENTOS LTDA,2026-04-26,3375.0,7.5,450.0,93200706000012025,9320070600001202500008,2025,1,7338736000113,932007,False,False,07338736000113-1-000001/2025
49218737,10493111,52360821,9,0,9,"Farinha De Milho apresentação: pré-cozida, característica adicional: não transgênico, grão: amarelo, tipo: flocada",Material,2.0,684.0,342.0,Embalagem 500 G,False,3,Informática (TIC),7,Não se aplica,2,Homologado,5,Não se aplica,False,2026-04-26 22:27:19,2026-04-26 22:30:19,True,07338736000113-1-000001/2025,38087485000175.0,KL COMERCIO DE ALIMENTOS LTDA,2026-04-26,684.0,2.0,342.0,93200706000012025,9320070600001202500009,2025,1,7338736000113,932007,False,False,07338736000113-1-000001/2025
49218738,10493111,52360822,13,0,13,"Óleo Vegetal Comestível espécie vegetal: soja, tipo: puro, tipo qualidade: tipo 1",Material,11.9,428.4,36.0,Embalagem 900 ML,False,3,Informática (TIC),7,Não se aplica,2,Homologado,5,Não se aplica,False,2026-04-26 22:27:20,2026-04-26 22:30:21,True,07338736000113-1-000001/2025,38087485000175.0,KL COMERCIO DE ALIMENTOS LTDA,2026-04-26,428.4,11.9,36.0,93200706000012025,9320070600001202500013,2025,1,7338736000113,932007,False,False,07338736000113-1-000001/2025
49218739,10493111,52360823,20,0,20,"Tempero aplicação: uso culinário, apresentação: pó, sabor: especiarias e aromas naturais, tipo: mistura preparada para embutidos cárneos",Material,2.5,90.0,36.0,Embalagem 110 G,False,3,Informática (TIC),7,Não se aplica,2,Homologado,5,Não se aplica,False,2026-04-26 22:27:21,2026-04-26 22:30:21,True,07338736000113-1-000001/2025,38087485000175.0,KL COMERCIO DE ALIMENTOS LTDA,2026-04-26,90.0,2.5,36.0,93200706000012025,9320070600001202500020,2025,1,7338736000113,932007,False,False,07338736000113-1-000001/2025
49218740,10493111,52360824,21,0,21,"Leguminosa tipo: tipo 1, variedade: feijão macassar",Material,9.0,486.0,54.0,Embalagem 1 KG,False,3,Informática (TIC),7,Não se aplica,2,Homologado,5,Não se aplica,False,2026-04-26 22:27:21,2026-04-26 22:30:21,True,07338736000113-1-000001/2025,38087485000175.0,KL COMERCIO DE ALIMENTOS LTDA,2026-04-26,486.0,9.0,54.0,93200706000012025,9320070600001202500021,2025,1,7338736000113,932007,False,False,07338736000113-1-000001/2025
49218741,9845653,45685576,3,0,3,"Serviço de castração padrão veterinário Serviço de castração de felinas (ováriohisterectomia), incluindo a anestesia injetável e microchipagem",Serviço,212.8629,212.8629,1.0,UNIDADE,False,3,Informática (TIC),7,Não se aplica,1,Em andamento,5,Não se aplica,False,2025-12-11 18:48:16,2026-04-26 19:42:24,True,09639459000104-1-000001/2026,33690829000112.0,CENTRO VETERINARIO DR JUZO LTDA,2025-12-19,212.8629,212.8629,1.0,92831100000012026,9283110000001202600003,2026,1,9639459000104,928311,False,False,09639459000104-1-000001/2026
49218742,9845653,45685577,1,0,1,"Serviço de castração padrão veterinário Serviço de castração de caninas (ováriohisterectomia), incluindo a anestesia injetável e microchipagem.",Serviço,300.0,300.0,1.0,UNIDADE,False,3,Informática (TIC),7,Não se aplica,1,Em andamento,5,Não se aplica,False,2025-12-11 18:48:17,2026-04-26 19:42:29,True,09639459000104-1-000001/2026,33690829000112.0,CENTRO VETERINARIO DR JUZO LTDA,2025-12-19,300.0,300.0,1.0,92831100000012026,9283110000001202600001,2026,1,9639459000104,928311,False,False,09639459000104-1-000001/2026
49218743,9845653,45685579,2,0,2,"Serviço de castração padrão veterinário Serviço de castração de caninos (orquiectomia), incluindo a anestesia injetável e microchipagem.",Serviço,275.8995,275.8995,1.0,UNIDADE,False,3,Informática (TIC),7,Não se aplica,1,Em andamento,5,Não se aplica,False,2025-12-11 18:48:18,2026-04-26 19:42:21,True,09639459000104-1-000001/2026,33690829000112.0,CENTRO VETERINARIO DR JUZO LTDA,2025-12-19,275.8995,275.8995,1.0,92831100000012026,9283110000001202600002,2026,1,9639459000104,928311,False,False,09639459000104-1-000001/2026
49218744,9845653,45685580,4,0,4,"Serviço de castração padrão veterinário Serviço de castração de felinos (orquiectomia), incluindo a anestesia injetável e microchipagem.",Serviço,184.635,184.635,1.0,UNIDADE,False,3,Informática (TIC),7,Não se aplica,1,Em andamento,5,Não se aplica,False,2025-12-11 18:48:19,2026-04-26 19:42:26,True,09639459000104-1-000001/2026,33690829000112.0,CENTRO VETERINARIO DR JUZO LTDA,2025-12-19,184.635,184.635,1.0,92831100000012026,9283110000001202600004,2026,1,9639459000104,928311,False,False,09639459000104-1-000001/2026
49219505,10042157,48007945,1,0,1,CONFECÇÃO / INSTALAÇÃO ETIQUETA PERSONALIZADA - ADESIVO,Serviço,35.0,10605.0,303.0,M2,False,3,Informática (TIC),1,Menor preço,2,Homologado,1,Participação exclusiva para ME/EPP,False,2026-01-30 07:10:41,2026-04-26 18:11:44,True,00394429000100-1-000153/2026,63102808000108.0,JULIAN DECORACOES LTDA,2026-04-26,7575.0,25.0,303.0,12006005900112026,1200600590011202600001,2026,153,394429000100,120060,False,False,00394429000100-1-000153/2026
49219506,10042157,48007946,2,0,2,CONFECÇÃO DE FOTOLITO,Serviço,6.06,121.2,20.0,UNIDADE,False,3,Informática (TIC),1,Menor preço,5,Fracassado,1,Participação exclusiva para ME/EPP,False,2026-01-30 07:10:41,2026-04-26 18:11:44,,00394429000100-1-000153/2026,,,,,,,12006005900112026,1200600590011202600002,2026,153,394429000100,120060,False,False,00394429000100-1-000153/2026
49219507,10042157,48007947,3,0,3,CONFECÇÃO DE FOTOLITO,Serviço,26.0,676.0,26.0,UNIDADE,False,3,Informática (TIC),1,Menor preço,5,Fracassado,1,Participação exclusiva para ME/EPP,False,2026-01-30 07:10:41,2026-04-26 18:11:44,,00394429000100-1-000153/2026,,,,,,,12006005900112026,1200600590011202600003,2026,153,394429000100,120060,False,False,00394429000100-1-000153/2026
49219508,10042157,48007948,4,0,4,GRÁFICO - CONFECÇÃO SELO / CONVITE / IMPRESSOS / CERTIFICADOENVELOPE,Serviço,2.39,4063.0,1700.0,UNIDADE,False,3,Informática (TIC),1,Menor preço,2,Homologado,1,Participação exclusiva para ME/EPP,False,2026-01-30 07:10:41,2026-04-26 18:11:44,True,00394429000100-1-000153/2026,64248338000140.0,FAVO - DISTRIBUIDORA E SERVICOS LTDA,2026-04-26,1190.0,0.7,1700.0,12006005900112026,1200600590011202600004,2026,153,394429000100,120060,False,False,00394429000100-1-000153/2026
49219509,10042157,48007949,5,0,5,GRÁFICO - CONFECÇÃO SELO / CONVITE / IMPRESSOS / CERTIFICADOENVELOPE,Serviço,19.5,9750.0,500.0,UNIDADE,False,3,Informática (TIC),1,Menor preço,2,Homologado,1,Participação exclusiva para ME/EPP,False,2026-01-30 07:10:41,2026-04-26 18:11:44,True,00394429000100-1-000153/2026,64248338000140.0,FAVO - DISTRIBUIDORA E SERVICOS LTDA,2026-04-26,1250.0,2.5,500.0,12006005900112026,1200600590011202600005,2026,153,394429000100,120060,False,False,00394429000100-1-000153/2026
49219510,10042157,48007950,6,0,6,CONFECÇÃO PASTA - USO PESSOAL PARA DOCUMENTO / CONGRESSO,Serviço,3.21,4012.5,1250.0,UNIDADE,False,3,Informática (TIC),1,Menor preço,2,Homologado,1,Participação exclusiva para ME/EPP,False,2026-01-30 07:10:41,2026-04-26 18:11:44,True,00394429000100-1-000153/2026,64248338000140.0,FAVO - DISTRIBUIDORA E SERVICOS LTDA,2026-04-26,3562.5,2.85,1250.0,12006005900112026,1200600590011202600006,2026,153,394429000100,120060,False,False,00394429000100-1-000153/2026
49219511,10042157,48007951,7,0,7,GRÁFICO - CONFECÇÃO SELO / CONVITE / IMPRESSOS / CERTIFICADOENVELOPE,Serviço,29.99,8157.28,272.0,M2,False,3,Informática (TIC),1,Menor preço,2,Homologado,1,Participação exclusiva para ME/EPP,False,2026-01-30 07:10:41,2026-04-26 18:11:44,True,00394429000100-1-000153/2026,63102808000108.0,JULIAN DECORACOES LTDA,2026-04-26,5426.4,19.95,272.0,12006005900112026,1200600590011202600007,2026,153,394429000100,120060,False,False,00394429000100-1-000153/2026
49219512,10042157,48007952,8,0,8,CONFECÇÃO PLACA COMEMORATIVA,Serviço,18.9,567.0,30.0,UNIDADE,False,3,Informática (TIC),1,Menor preço,2,Homologado,1,Participação exclusiva para ME/EPP,False,2026-01-30 07:10:41,2026-04-26 18:11:44,True,00394429000100-1-000153/2026,63102808000108.0,JULIAN DECORACOES LTDA,2026-04-26,479.7,15.99,30.0,12006005900112026,1200600590011202600008,2026,153,394429000100,120060,False,False,00394429000100-1-000153/2026
49219513,10042157,48007953,9,0,9,GRÁFICO - CONFECÇÃO SELO / CONVITE / IMPRESSOS / CERTIFICADOENVELOPE,Serviço,15.0,795.0,53.0,UNIDADE,False,3,Informática (TIC),1,Menor preço,2,Homologado,1,Participação exclusiva para ME/EPP,False,2026-01-30 07:10:41,2026-04-26 18:11:44,True,00394429000100-1-000153/2026,41977393000175.0,CENTRO SUL GRAFICA & COMUNICACAO VISUAL LTDA,2026-04-26,795.0,15.0,53.0,12006005900112026,1200600590011202600009,2026,153,394429000100,120060,False,False,00394429000100-1-000153/2026
49219514,10042157,48007954,10,0,10,GRÁFICO - IMPRESSOS / PLASTIFICAÇÃO / ACABAMENTO,Serviço,29.99,1079.64,36.0,M2,False,3,Informática (TIC),1,Menor preço,2,Homologado,1,Participação exclusiva para ME/EPP,False,2026-01-30 07:10:41,2026-04-26 18:11:44,True,00394429000100-1-000153/2026,41977393000175.0,CENTRO SUL GRAFICA & COMUNICACAO VISUAL LTDA,2026-04-26,536.4,14.9,36.0,12006005900112026,1200600590011202600010,2026,153,394429000100,120060,False,False,00394429000100-1-000153/2026
49219515,10042157,48007955,11,0,11,GRÁFICO - IMPRESSOS / PLASTIFICAÇÃO / ACABAMENTO,Serviço,8.9,7137.8,802.0,UNIDADE,False,3,Informática (TIC),1,Menor preço,2,Homologado,1,Participação exclusiva para ME/EPP,False,2026-01-30 07:10:41,2026-04-26 18:11:44,True,00394429000100-1-000153/2026,64248338000140.0,FAVO - DISTRIBUIDORA E SERVICOS LTDA,2026-04-26,802.0,1.0,802.0,12006005900112026,1200600590011202600011,2026,153,394429000100,120060,False,False,00394429000100-1-000153/2026
49219516,10042157,48007956,12,0,12,GRÁFICO - IMPRESSOS / PLASTIFICAÇÃO / ACABAMENTO,Serviço,32.25,32250.0,1000.0,UNIDADE,False,3,Informática (TIC),1,Menor preço,2,Homologado,1,Participação exclusiva para ME/EPP,False,2026-01-30 07:10:41,2026-04-26 18:11:44,True,00394429000100-1-000153/2026,64248338000140.0,FAVO - DISTRIBUIDORA E SERVICOS LTDA,2026-04-26,6000.0,6.0,1000.0,12006005900112026,1200600590011202600012,2026,153,394429000100,120060,False,False,00394429000100-1-000153/2026
49219517,10042157,48007957,13,0,13,SERVIÇO FOTOGRÁFICO,Serviço,1299.0,25980.0,20.0,UNIDADE,False,3,Informática (TIC),1,Menor preço,2,Homologado,1,Participação exclusiva para ME/EPP,False,2026-01-30 07:10:41,2026-04-26 18:11:44,True,00394429000100-1-000153/2026,60083695000144.0,60.083.695 WESLANNE HELEN DINIZ MENEZES,2026-04-26,25980.0,1299.0,20.0,12006005900112026,1200600590011202600013,2026,153,394429000100,120060,False,False,00394429000100-1-000153/2026
49219518,10042157,48007958,14,0,14,CONFECÇÃO PASTA - ARQUIVO / PROCESSO,Serviço,5.0,2500.0,500.0,UNIDADE,False,3,Informática (TIC),1,Menor preço,2,Homologado,1,Participação exclusiva para ME/EPP,False,2026-01-30 07:10:41,2026-04-26 18:11:44,True,00394429000100-1-000153/2026,64248338000140.0,FAVO - DISTRIBUIDORA E SERVICOS LTDA,2026-04-26,1500.0,3.0,500.0,12006005900112026,1200600590011202600014,2026,153,394429000100,120060,False,False,00394429000100-1-000153/2026
49219519,10042157,48007959,15,0,15,CONFECÇÃO PASTA - ARQUIVO / PROCESSO,Serviço,8.28,12585.6,1520.0,UNIDADE,False,3,Informática (TIC),1,Menor preço,5,Fracassado,1,Participação exclusiva para ME/EPP,False,2026-01-30 07:10:41,2026-04-26 18:11:44,,00394429000100-1-000153/2026,,,,,,,12006005900112026,1200600590011202600015,2026,153,394429000100,120060,False,False,00394429000100-1-000153/2026
49219520,10042157,48007960,16,0,16,CONFECÇÃO PASTA - ARQUIVO / PROCESSO,Serviço,8.45,2112.5,250.0,UNIDADE,False,3,Informática (TIC),1,Menor preço,2,Homologado,1,Participação exclusiva para ME/EPP,False,2026-01-30 07:10:41,2026-04-26 18:11:45,True,00394429000100-1-000153/2026,64248338000140.0,FAVO - DISTRIBUIDORA E SERVICOS LTDA,2026-04-26,1000.0,4.0,250.0,12006005900112026,1200600590011202600016,2026,153,394429000100,120060,False,False,00394429000100-1-000153/2026
49219521,10042157,48007963,19,0,19,CONFECÇÃO PLACA COMEMORATIVA,Serviço,150.0,45750.0,305.0,UNIDADE,False,3,Informática (TIC),1,Menor preço,2,Homologado,1,Participação exclusiva para ME/EPP,False,2026-01-30 07:10:41,2026-04-26 18:11:45,True,00394429000100-1-000153/2026,23909321000109.0,EDUARDO HAGIHARA LANDIM DA SILVA,2026-04-26,25925.0,85.0,305.0,12006005900112026,1200600590011202600019,2026,153,394429000100,120060,False,False,00394429000100-1-000153/2026
49219522,10042157,48007966,22,0,22,CONFECÇÃO PLACA COMEMORATIVA,Serviço,135.97,13597.0,100.0,UNIDADE,False,3,Informática (TIC),1,Menor preço,2,Homologado,1,Participação exclusiva para ME/EPP,False,2026-01-30 07:10:41,2026-04-26 18:11:45,True,00394429000100-1-000153/2026,41977393000175.0,CENTRO SUL GRAFICA & COMUNICACAO VISUAL LTDA,2026-04-26,11500.0,115.0,100.0,12006005900112026,1200600590011202600022,2026,153,394429000100,120060,False,False,00394429000100-1-000153/2026
49219523,10042157,48007967,23,0,23,CONFECÇÃO PLACA COMEMORATIVA,Serviço,127.0,12700.0,100.0,UNIDADE,False,3,Informática (TIC),1,Menor preço,2,Homologado,1,Participação exclusiva para ME/EPP,False,2026-01-30 07:10:41,2026-04-26 18:11:45,True,00394429000100-1-000153/2026,2844351000104.0,CARBONI ARTES GRAFICAS LTDA,2026-04-26,5700.0,57.0,100.0,12006005900112026,1200600590011202600023,2026,153,394429000100,120060,False,False,00394429000100-1-000153/2026
49219524,10042157,48007961,17,0,17,GRAVAÇÃO TIPO DOURAÇÃO / BAIXO RELEVO,Serviço,25.0,1250.0,50.0,UNIDADE,False,3,Informática (TIC),1,Menor preço,2,Homologado,1,Participação exclusiva para ME/EPP,False,2026-01-30 07:10:41,2026-04-26 18:11:45,True,00394429000100-1-000153/2026,47305688000181.0,STAMP PRODUTOS E SERVICOS LTDA,2026-04-26,622.5,12.45,50.0,12006005900112026,1200600590011202600017,2026,153,394429000100,120060,False,False,00394429000100-1-000153/2026
49219525,10042157,48007962,18,0,18,GRAVAÇÃO TIPO DOURAÇÃO / BAIXO RELEVO,Serviço,33.0,660.0,20.0,UNIDADE,False,3,Informática (TIC),1,Menor preço,2,Homologado,1,Participação exclusiva para ME/EPP,False,2026-01-30 07:10:41,2026-04-26 18:11:45,True,00394429000100-1-000153/2026,47305688000181.0,STAMP PRODUTOS E SERVICOS LTDA,2026-04-26,359.8,17.99,20.0,12006005900112026,1200600590011202600018,2026,153,394429000100,120060,False,False,00394429000100-1-000153/2026
49219526,10042157,48007964,20,0,20,GRÁFICO - CONFECÇÃO SELO / CONVITE / IMPRESSOS / CERTIFICADOENVELOPE,Serviço,72.0,5040.0,70.0,UNIDADE,False,3,Informática (TIC),1,Menor preço,2,Homologado,1,Participação exclusiva para ME/EPP,False,2026-01-30 07:10:41,2026-04-26 18:11:45,True,00394429000100-1-000153/2026,47305688000181.0,STAMP PRODUTOS E SERVICOS LTDA,2026-04-26,3843.0,54.9,70.0,12006005900112026,1200600590011202600020,2026,153,394429000100,120060,False,False,00394429000100-1-000153/2026
49219527,10042157,48007965,21,0,21,GRÁFICO - CONFECÇÃO SELO / CONVITE / IMPRESSOS / CERTIFICADOENVELOPE,Serviço,1.49,1490.0,1000.0,UNIDADE,False,3,Informática (TIC),1,Menor preço,2,Homologado,1,Participação exclusiva para ME/EPP,False,2026-01-30 07:10:41,2026-04-26 18:11:45,True,00394429000100-1-000153/2026,64248338000140.0,FAVO - DISTRIBUIDORA E SERVICOS LTDA,2026-04-26,500.0,0.5,1000.0,12006005900112026,1200600590011202600021,2026,153,394429000100,120060,False,False,00394429000100-1-000153/2026
49219528,10042157,48007968,24,0,24,GRÁFICO - CONFECÇÃO SELO / CONVITE / IMPRESSOS / CERTIFICADOENVELOPE,Serviço,1.95,1560.0,800.0,UNIDADE,False,3,Informática (TIC),1,Menor preço,2,Homologado,1,Participação exclusiva para ME/EPP,False,2026-01-30 07:10:41,2026-04-26 18:11:45,True,00394429000100-1-000153/2026,64248338000140.0,FAVO - DISTRIBUIDORA E SERVICOS LTDA,2026-04-26,1192.0,1.49,800.0,12006005900112026,1200600590011202600024,2026,153,394429000100,120060,False,False,00394429000100-1-000153/2026
49219529,10042157,48007969,25,0,25,CONFECÇÃO / INSTALAÇÃO ETIQUETA PERSONALIZADA - ADESIVO,Serviço,85.0,12070.0,142.0,UNIDADE,False,3,Informática (TIC),1,Menor preço,2,Homologado,1,Participação exclusiva para ME/EPP,False,2026-01-30 07:10:41,2026-04-26 18:11:45,True,00394429000100-1-000153/2026,63102808000108.0,JULIAN DECORACOES LTDA,2026-04-26,7808.58,54.99,142.0,12006005900112026,1200600590011202600025,2026,153,394429000100,120060,False,False,00394429000100-1-000153/2026
49219530,10042157,48007970,26,0,26,CONFECÇÃO PASTA - USO PESSOAL PARA DOCUMENTO / CONGRESSO,Serviço,99.0,29700.0,300.0,UNIDADE,False,3,Informática (TIC),1,Menor preço,2,Homologado,1,Participação exclusiva para ME/EPP,False,2026-01-30 07:10:41,2026-04-26 18:11:45,True,00394429000100-1-000153/2026,64248338000140.0,FAVO - DISTRIBUIDORA E SERVICOS LTDA,2026-04-26,21000.0,70.0,300.0,12006005900112026,1200600590011202600026,2026,153,394429000100,120060,False,False,00394429000100-1-000153/2026
49219531,10042157,48007971,27,0,27,GRÁFICO - CONFECÇÃO SELO / CONVITE / IMPRESSOS / CERTIFICADOENVELOPE,Serviço,3.2,320.0,100.0,UNIDADE,False,3,Informática (TIC),1,Menor preço,5,Fracassado,1,Participação exclusiva para ME/EPP,False,2026-01-30 07:10:41,2026-04-26 18:11:45,,00394429000100-1-000153/2026,,,,,,,12006005900112026,1200600590011202600027,2026,153,394429000100,120060,False,False,00394429000100-1-000153/2026
49219532,10042157,48007972,28,0,28,GRÁFICO - IMPRESSÃO ETIQUETA,Serviço,2.9,58.0,20.0,UNIDADE,False,3,Informática (TIC),1,Menor preço,2,Homologado,1,Participação exclusiva para ME/EPP,False,2026-01-30 07:10:41,2026-04-26 18:11:45,True,00394429000100-1-000153/2026,41977393000175.0,CENTRO SUL GRAFICA & COMUNICACAO VISUAL LTDA,2026-04-26,32.0,1.6,20.0,12006005900112026,1200600590011202600028,2026,153,394429000100,120060,False,False,00394429000100-1-000153/2026
49219533,10042157,48007973,29,0,29,CONFECÇÃO PLACA COMEMORATIVA,Serviço,247.0,23465.0,95.0,UNIDADE,False,3,Informática (TIC),1,Menor preço,2,Homologado,1,Participação exclusiva para ME/EPP,False,2026-01-30 07:10:41,2026-04-26 18:11:45,True,00394429000100-1-000153/2026,41977393000175.0,CENTRO SUL GRAFICA & COMUNICACAO VISUAL LTDA,2026-04-26,15580.0,164.0,95.0,12006005900112026,1200600590011202600029,2026,153,394429000100,120060,False,False,00394429000100-1-000153/2026
49219534,10042157,48007974,30,0,30,GRÁFICO - CONFECÇÃO SELO / CONVITE / IMPRESSOS / CERTIFICADOENVELOPE,Serviço,181.0,5430.0,30.0,UNIDADE,False,3,Informática (TIC),1,Menor preço,2,Homologado,1,Participação exclusiva para ME/EPP,False,2026-01-30 07:10:41,2026-04-26 18:11:45,True,00394429000100-1-000153/2026,58600411000106.0,GUERRA COMERCIO E SERVICOS LTDA,2026-04-26,5010.0,167.0,30.0,12006005900112026,1200600590011202600030,2026,153,394429000100,120060,False,False,00394429000100-1-000153/2026
49219535,10042157,48007975,31,0,31,CONFECÇÃO PASTA - ARQUIVO / PROCESSO,Serviço,4.18,836.0,200.0,UNIDADE,False,3,Informática (TIC),1,Menor preço,2,Homologado,1,Participação exclusiva para ME/EPP,False,2026-01-30 07:10:41,2026-04-26 18:11:46,True,00394429000100-1-000153/2026,41977393000175.0,CENTRO SUL GRAFICA & COMUNICACAO VISUAL LTDA,2026-04-26,760.0,3.8,200.0,12006005900112026,1200600590011202600031,2026,153,394429000100,120060,False,False,00394429000100-1-000153/2026
49219536,10042157,48007976,32,0,32,"GRÁFICO - IMPRESSÃO DE MANUAL E FORMULÁRIO, ALCEAMENTO E EN-VELOPAMENTO",Serviço,90.0,18000.0,200.0,UNIDADE,False,3,Informática (TIC),1,Menor preço,2,Homologado,1,Participação exclusiva para ME/EPP,False,2026-01-30 07:10:41,2026-04-26 18:11:46,True,00394429000100-1-000153/2026,41977393000175.0,CENTRO SUL GRAFICA & COMUNICACAO VISUAL LTDA,2026-04-26,3800.0,19.0,200.0,12006005900112026,1200600590011202600032,2026,153,394429000100,120060,False,False,00394429000100-1-000153/2026
49219537,10042157,48007977,33,0,33,CONFECÇÃO PLACA COMEMORATIVA,Serviço,26.5,1378.0,52.0,UNIDADE,False,3,Informática (TIC),1,Menor preço,2,Homologado,1,Participação exclusiva para ME/EPP,False,2026-01-30 07:10:41,2026-04-26 18:11:46,True,00394429000100-1-000153/2026,47305688000181.0,STAMP PRODUTOS E SERVICOS LTDA,2026-04-26,1268.8,24.4,52.0,12006005900112026,1200600590011202600033,2026,153,394429000100,120060,False,False,00394429000100-1-000153/2026
49219538,10042157,48007978,34,0,34,GRAVAÇÃO EM CHAPAS IMPRESSÃO GRÁFICA,Serviço,126.56,6074.88,48.0,UNIDADE,False,3,Informática (TIC),1,Menor preço,2,Homologado,1,Participação exclusiva para ME/EPP,False,2026-01-30 07:10:41,2026-04-26 18:11:46,True,00394429000100-1-000153/2026,47305688000181.0,STAMP PRODUTOS E SERVICOS LTDA,2026-04-26,5035.2,104.9,48.0,12006005900112026,1200600590011202600034,2026,153,394429000100,120060,False,False,00394429000100-1-000153/2026
49219539,10042157,48008007,63,0,63,REPRODUÇÃO / ENCADERNAÇÃO,Serviço,70.0,59920.0,856.0,UNIDADE,False,3,Informática (TIC),1,Menor preço,2,Homologado,1,Participação exclusiva para ME/EPP,False,2026-01-30 07:10:41,2026-04-26 18:11:48,True,00394429000100-1-000153/2026,64248338000140.0,FAVO - DISTRIBUIDORA E SERVICOS LTDA,2026-04-26,42800.0,50.0,856.0,12006005900112026,1200600590011202600063,2026,153,394429000100,120060,False,False,00394429000100-1-000153/2026
49219540,10042157,48008008,64,0,64,REPRODUÇÃO / ENCADERNAÇÃO,Serviço,36.0,18000.0,500.0,UNIDADE,False,3,Informática (TIC),1,Menor preço,2,Homologado,1,Participação exclusiva para ME/EPP,False,2026-01-30 07:10:41,2026-04-26 18:11:48,True,00394429000100-1-000153/2026,64248338000140.0,FAVO - DISTRIBUIDORA E SERVICOS LTDA,2026-04-26,17925.0,35.85,500.0,12006005900112026,1200600590011202600064,2026,153,394429000100,120060,False,False,00394429000100-1-000153/2026
49219541,10042157,48008009,65,0,65,ELABORAÇÃO DE ARTE - GRÁFICA,Serviço,32.0,320.0,10.0,UNIDADE,False,3,Informática (TIC),1,Menor preço,2,Homologado,1,Participação exclusiva para ME/EPP,False,2026-01-30 07:10:41,2026-04-26 18:11:48,True,00394429000100-1-000153/2026,41977393000175.0,CENTRO SUL GRAFICA & COMUNICACAO VISUAL LTDA,2026-04-26,320.0,32.0,10.0,12006005900112026,1200600590011202600065,2026,153,394429000100,120060,False,False,00394429000100-1-000153/2026
49219542,10042157,48008010,66,0,66,ELABORAÇÃO DE ARTE - GRÁFICA,Serviço,31.83,318.3,10.0,UNIDADE,False,3,Informática (TIC),1,Menor preço,2,Homologado,1,Participação exclusiva para ME/EPP,False,2026-01-30 07:10:41,2026-04-26 18:11:48,True,00394429000100-1-000153/2026,41977393000175.0,CENTRO SUL GRAFICA & COMUNICACAO VISUAL LTDA,2026-04-26,318.3,31.83,10.0,12006005900112026,1200600590011202600066,2026,153,394429000100,120060,False,False,00394429000100-1-000153/2026
49219543,10042157,48007979,35,0,35,CONFECÇÃO / INSTALAÇÃO ETIQUETA PERSONALIZADA - ADESIVO,Serviço,38.99,194.95,5.0,UNIDADE,False,3,Informática (TIC),1,Menor preço,5,Fracassado,1,Participação exclusiva para ME/EPP,False,2026-01-30 07:10:41,2026-04-26 18:11:45,,00394429000100-1-000153/2026,,,,,,,12006005900112026,1200600590011202600035,2026,153,394429000100,120060,False,False,00394429000100-1-000153/2026
49219544,10042157,48007980,36,0,36,CONFECÇÃO PASTA - ARQUIVO / PROCESSO,Serviço,8.28,414.0,50.0,UNIDADE,False,3,Informática (TIC),1,Menor preço,2,Homologado,1,Participação exclusiva para ME/EPP,False,2026-01-30 07:10:41,2026-04-26 18:11:46,True,00394429000100-1-000153/2026,41977393000175.0,CENTRO SUL GRAFICA & COMUNICACAO VISUAL LTDA,2026-04-26,400.0,8.0,50.0,12006005900112026,1200600590011202600036,2026,153,394429000100,120060,False,False,00394429000100-1-000153/2026
49219545,10042157,48007981,37,0,37,GRÁFICO - CONFECÇÃO SELO / CONVITE / IMPRESSOS / CERTIFICADOENVELOPE,Serviço,90.0,4500.0,50.0,UNIDADE,False,3,Informática (TIC),1,Menor preço,2,Homologado,1,Participação exclusiva para ME/EPP,False,2026-01-30 07:10:41,2026-04-26 18:11:46,True,00394429000100-1-000153/2026,41977393000175.0,CENTRO SUL GRAFICA & COMUNICACAO VISUAL LTDA,2026-04-26,2500.0,50.0,50.0,12006005900112026,1200600590011202600037,2026,153,394429000100,120060,False,False,00394429000100-1-000153/2026
49219546,10042157,48007982,38,0,38,GRÁFICO - IMPRESSOS / PLASTIFICAÇÃO / ACABAMENTO,Serviço,2.55,2550.0,1000.0,UNIDADE,False,3,Informática (TIC),1,Menor preço,2,Homologado,1,Participação exclusiva para ME/EPP,False,2026-01-30 07:10:41,2026-04-26 18:11:46,True,00394429000100-1-000153/2026,41977393000175.0,CENTRO SUL GRAFICA & COMUNICACAO VISUAL LTDA,2026-04-26,1150.0,1.15,1000.0,12006005900112026,1200600590011202600038,2026,153,394429000100,120060,False,False,00394429000100-1-000153/2026
49219547,10042157,48007983,39,0,39,GRÁFICO - CONFECÇÃO SELO / CONVITE / IMPRESSOS / CERTIFICADOENVELOPE,Serviço,1.35,675.0,500.0,UNIDADE,False,3,Informática (TIC),1,Menor preço,2,Homologado,1,Participação exclusiva para ME/EPP,False,2026-01-30 07:10:41,2026-04-26 18:11:46,True,00394429000100-1-000153/2026,41977393000175.0,CENTRO SUL GRAFICA & COMUNICACAO VISUAL LTDA,2026-04-26,600.0,1.2,500.0,12006005900112026,1200600590011202600039,2026,153,394429000100,120060,False,False,00394429000100-1-000153/2026
49219548,10042157,48007984,40,0,40,CONFECÇÃO / INSTALAÇÃO - VIDRO / ESPELHO / MOLDURA,Serviço,400.0,20000.0,50.0,UNIDADE,False,3,Informática (TIC),1,Menor preço,2,Homologado,1,Participação exclusiva para ME/EPP,False,2026-01-30 07:10:41,2026-04-26 18:11:46,True,00394429000100-1-000153/2026,41977393000175.0,CENTRO SUL GRAFICA & COMUNICACAO VISUAL LTDA,2026-04-26,12400.0,248.0,50.0,12006005900112026,1200600590011202600040,2026,153,394429000100,120060,False,False,00394429000100-1-000153/2026
49219549,10042157,48007985,41,0,41,CONFECÇÃO / INSTALAÇÃO - VIDRO / ESPELHO / MOLDURA,Serviço,500.0,1000.0,2.0,UNIDADE,False,3,Informática (TIC),1,Menor preço,2,Homologado,1,Participação exclusiva para ME/EPP,False,2026-01-30 07:10:41,2026-04-26 18:11:46,True,00394429000100-1-000153/2026,41977393000175.0,CENTRO SUL GRAFICA & COMUNICACAO VISUAL LTDA,2026-04-26,900.0,450.0,2.0,12006005900112026,1200600590011202600041,2026,153,394429000100,120060,False,False,00394429000100-1-000153/2026
49219550,10042157,48007986,42,0,42,GRÁFICO - IMPRESSOS / PLASTIFICAÇÃO / ACABAMENTO,Serviço,45.0,450.0,10.0,UNIDADE,False,3,Informática (TIC),1,Menor preço,2,Homologado,1,Participação exclusiva para ME/EPP,False,2026-01-30 07:10:41,2026-04-26 18:11:46,True,00394429000100-1-000153/2026,41977393000175.0,CENTRO SUL GRAFICA & COMUNICACAO VISUAL LTDA,2026-04-26,380.0,38.0,10.0,12006005900112026,1200600590011202600042,2026,153,394429000100,120060,False,False,00394429000100-1-000153/2026
49219551,10042157,48007987,43,0,43,REPRODUÇÃO / ENCADERNAÇÃO,Serviço,60.0,3000.0,50.0,UNIDADE,False,3,Informática (TIC),1,Menor preço,5,Fracassado,1,Participação exclusiva para ME/EPP,False,2026-01-30 07:10:41,2026-04-26 18:11:46,,00394429000100-1-000153/2026,,,,,,,12006005900112026,1200600590011202600043,2026,153,394429000100,120060,False,False,00394429000100-1-000153/2026
49219552,10042157,48007988,44,0,44,GRÁFICO - IMPRESSOS / PLASTIFICAÇÃO / ACABAMENTO,Serviço,13.67,9569.0,700.0,UNIDADE,False,3,Informática (TIC),1,Menor preço,5,Fracassado,1,Participação exclusiva para ME/EPP,False,2026-01-30 07:10:41,2026-04-26 18:11:46,,00394429000100-1-000153/2026,,,,,,,12006005900112026,1200600590011202600044,2026,153,394429000100,120060,False,False,00394429000100-1-000153/2026
49219553,10042157,48007989,45,0,45,CONFECÇÃO PASTA - ARQUIVO / PROCESSO,Serviço,42.0,25200.0,600.0,UNIDADE,False,3,Informática (TIC),1,Menor preço,2,Homologado,1,Participação exclusiva para ME/EPP,False,2026-01-30 07:10:41,2026-04-26 18:11:46,True,00394429000100-1-000153/2026,64248338000140.0,FAVO - DISTRIBUIDORA E SERVICOS LTDA,2026-04-26,12000.0,20.0,600.0,12006005900112026,1200600590011202600045,2026,153,394429000100,120060,False,False,00394429000100-1-000153/2026
49219554,10042157,48007990,46,0,46,CUNHAGEM EM METAL,Serviço,99.0,34650.0,350.0,UNIDADE,False,3,Informática (TIC),1,Menor preço,2,Homologado,1,Participação exclusiva para ME/EPP,False,2026-01-30 07:10:41,2026-04-26 18:11:47,True,00394429000100-1-000153/2026,309173000196.0,PONTAL DA PESCA LTDA,2026-04-26,15046.5,42.99,350.0,12006005900112026,1200600590011202600046,2026,153,394429000100,120060,False,False,00394429000100-1-000153/2026
49219555,10042157,48007991,47,0,47,CONFECÇÃO / INSTALAÇÃO - VIDRO / ESPELHO / MOLDURA,Serviço,1212.0,12120.0,10.0,UNIDADE,False,3,Informática (TIC),1,Menor preço,2,Homologado,1,Participação exclusiva para ME/EPP,False,2026-01-30 07:10:41,2026-04-26 18:11:47,True,00394429000100-1-000153/2026,48396775000154.0,PMFEADM COMERCIO DE PRODUTOS DE ARMARINHO E ACESSORIOS LTDA,2026-04-26,9929.9,992.99,10.0,12006005900112026,1200600590011202600047,2026,153,394429000100,120060,False,False,00394429000100-1-000153/2026
49219556,10042157,48007992,48,0,48,CONFECÇÃO DE PLACAS /  QUADROS /  DISTINTIVOS / ARTEFATOS DEACRÍLICO / METAL / LAMINADO / PVC,Serviço,59.4,1188.0,20.0,UNIDADE,False,3,Informática (TIC),1,Menor preço,2,Homologado,1,Participação exclusiva para ME/EPP,False,2026-01-30 07:10:41,2026-04-26 18:11:47,True,00394429000100-1-000153/2026,58600411000106.0,GUERRA COMERCIO E SERVICOS LTDA,2026-04-26,1094.0,54.7,20.0,12006005900112026,1200600590011202600048,2026,153,394429000100,120060,False,False,00394429000100-1-000153/2026
49219557,10042157,48007993,49,0,49,CONFECÇÃO PASTA - USO PESSOAL PARA DOCUMENTO / CONGRESSO,Serviço,135.0,810.0,6.0,UNIDADE,False,3,Informática (TIC),1,Menor preço,2,Homologado,1,Participação exclusiva para ME/EPP,False,2026-01-30 07:10:41,2026-04-26 18:11:47,True,00394429000100-1-000153/2026,41977393000175.0,CENTRO SUL GRAFICA & COMUNICACAO VISUAL LTDA,2026-04-26,780.0,130.0,6.0,12006005900112026,1200600590011202600049,2026,153,394429000100,120060,False,False,00394429000100-1-000153/2026
49219558,10042157,48007994,50,0,50,CONFECÇÃO MÓVEL / ARTIGO - AÇO,Serviço,20.0,1000.0,50.0,UNIDADE,False,3,Informática (TIC),1,Menor preço,2,Homologado,1,Participação exclusiva para ME/EPP,False,2026-01-30 07:10:41,2026-04-26 18:11:47,True,00394429000100-1-000153/2026,41977393000175.0,CENTRO SUL GRAFICA & COMUNICACAO VISUAL LTDA,2026-04-26,1000.0,20.0,50.0,12006005900112026,1200600590011202600050,2026,153,394429000100,120060,False,False,00394429000100-1-000153/2026
49219559,10042157,48007997,53,0,53,CONFECÇÃO SACOLAS,Serviço,4.98,2490.0,500.0,UNIDADE,False,3,Informática (TIC),1,Menor preço,2,Homologado,1,Participação exclusiva para ME/EPP,False,2026-01-30 07:10:41,2026-04-26 18:11:47,True,00394429000100-1-000153/2026,64248338000140.0,FAVO - DISTRIBUIDORA E SERVICOS LTDA,2026-04-26,2400.0,4.8,500.0,12006005900112026,1200600590011202600053,2026,153,394429000100,120060,False,False,00394429000100-1-000153/2026
49219560,10042157,48008003,59,0,59,CONFECÇÃO SACOLAS,Serviço,3.19,1595.0,500.0,UNIDADE,False,3,Informática (TIC),1,Menor preço,5,Fracassado,1,Participação exclusiva para ME/EPP,False,2026-01-30 07:10:41,2026-04-26 18:11:47,,00394429000100-1-000153/2026,,,,,,,12006005900112026,1200600590011202600059,2026,153,394429000100,120060,False,False,00394429000100-1-000153/2026
49219561,10042157,48008004,60,0,60,CONFECÇÃO SACOLAS,Serviço,4.67,2335.0,500.0,UNIDADE,False,3,Informática (TIC),1,Menor preço,5,Fracassado,1,Participação exclusiva para ME/EPP,False,2026-01-30 07:10:41,2026-04-26 18:11:47,,00394429000100-1-000153/2026,,,,,,,12006005900112026,1200600590011202600060,2026,153,394429000100,120060,False,False,00394429000100-1-000153/2026
49219562,10042157,48007995,51,0,51,GRÁFICO - IMPRESSOS / PLASTIFICAÇÃO / ACABAMENTO,Serviço,0.5,250.0,500.0,UNIDADE,False,3,Informática (TIC),1,Menor preço,2,Homologado,1,Participação exclusiva para ME/EPP,False,2026-01-30 07:10:41,2026-04-26 18:11:47,True,00394429000100-1-000153/2026,41977393000175.0,CENTRO SUL GRAFICA & COMUNICACAO VISUAL LTDA,2026-04-26,250.0,0.5,500.0,12006005900112026,1200600590011202600051,2026,153,394429000100,120060,False,False,00394429000100-1-000153/2026
49219563,10042157,48007996,52,0,52,CONFECÇÃO / INSTALAÇÃO - VIDRO / ESPELHO / MOLDURA,Serviço,420.0,8400.0,20.0,UNIDADE,False,3,Informática (TIC),1,Menor preço,2,Homologado,1,Participação exclusiva para ME/EPP,False,2026-01-30 07:10:41,2026-04-26 18:11:47,True,00394429000100-1-000153/2026,58600411000106.0,GUERRA COMERCIO E SERVICOS LTDA,2026-04-26,8140.0,407.0,20.0,12006005900112026,1200600590011202600052,2026,153,394429000100,120060,False,False,00394429000100-1-000153/2026
49219564,10042157,48007998,54,0,54,GRÁFICO - IMPRESSOS / PLASTIFICAÇÃO / ACABAMENTO,Serviço,1.72,860.0,500.0,UNIDADE,False,3,Informática (TIC),1,Menor preço,2,Homologado,1,Participação exclusiva para ME/EPP,False,2026-01-30 07:10:41,2026-04-26 18:11:47,True,00394429000100-1-000153/2026,60827030000106.0,60.827.030 JERONIDES LOPES DA SILVA,2026-04-26,845.0,1.69,500.0,12006005900112026,1200600590011202600054,2026,153,394429000100,120060,False,False,00394429000100-1-000153/2026
49219565,10042157,48007999,55,0,55,GRÁFICO - IMPRESSOS / PLASTIFICAÇÃO / ACABAMENTO,Serviço,1.8,900.0,500.0,UNIDADE,False,3,Informática (TIC),1,Menor preço,2,Homologado,1,Participação exclusiva para ME/EPP,False,2026-01-30 07:10:41,2026-04-26 18:11:47,True,00394429000100-1-000153/2026,60827030000106.0,60.827.030 JERONIDES LOPES DA SILVA,2026-04-26,870.0,1.74,500.0,12006005900112026,1200600590011202600055,2026,153,394429000100,120060,False,False,00394429000100-1-000153/2026
49219566,10042157,48008000,56,0,56,GRÁFICO - IMPRESSOS / PLASTIFICAÇÃO / ACABAMENTO,Serviço,1.76,880.0,500.0,UNIDADE,False,3,Informática (TIC),1,Menor preço,5,Fracassado,1,Participação exclusiva para ME/EPP,False,2026-01-30 07:10:41,2026-04-26 18:11:47,,00394429000100-1-000153/2026,,,,,,,12006005900112026,1200600590011202600056,2026,153,394429000100,120060,False,False,00394429000100-1-000153/2026
49219567,10042157,48008001,57,0,57,GRÁFICO - IMPRESSOS / PLASTIFICAÇÃO / ACABAMENTO,Serviço,4.7,2350.0,500.0,UNIDADE,False,3,Informática (TIC),1,Menor preço,2,Homologado,1,Participação exclusiva para ME/EPP,False,2026-01-30 07:10:41,2026-04-26 18:11:47,True,00394429000100-1-000153/2026,64248338000140.0,FAVO - DISTRIBUIDORA E SERVICOS LTDA,2026-04-26,2300.0,4.6,500.0,12006005900112026,1200600590011202600057,2026,153,394429000100,120060,False,False,00394429000100-1-000153/2026
49219568,10042157,48008002,58,0,58,CONFECÇÃO DE PLACAS /  QUADROS /  DISTINTIVOS / ARTEFATOS DEACRÍLICO / METAL / LAMINADO / PVC,Serviço,37.0,1665.0,45.0,UNIDADE,False,3,Informática (TIC),1,Menor preço,2,Homologado,1,Participação exclusiva para ME/EPP,False,2026-01-30 07:10:41,2026-04-26 18:11:47,True,00394429000100-1-000153/2026,63102808000108.0,JULIAN DECORACOES LTDA,2026-04-26,1012.5,22.5,45.0,12006005900112026,1200600590011202600058,2026,153,394429000100,120060,False,False,00394429000100-1-000153/2026
49219569,10042157,48008005,61,0,61,GRÁFICO - IMPRESSOS / PLASTIFICAÇÃO / ACABAMENTO,Serviço,3.0,1500.0,500.0,UNIDADE,False,3,Informática (TIC),1,Menor preço,2,Homologado,1,Participação exclusiva para ME/EPP,False,2026-01-30 07:10:41,2026-04-26 18:11:48,True,00394429000100-1-000153/2026,60827030000106.0,60.827.030 JERONIDES LOPES DA SILVA,2026-04-26,1495.0,2.99,500.0,12006005900112026,1200600590011202600061,2026,153,394429000100,120060,False,False,00394429000100-1-000153/2026
49219570,10042157,48008006,62,0,62,GRÁFICO - IMPRESSOS / PLASTIFICAÇÃO / ACABAMENTO,Serviço,0.36,180.0,500.0,UNIDADE,False,3,Informática (TIC),1,Menor preço,2,Homologado,1,Participação exclusiva para ME/EPP,False,2026-01-30 07:10:41,2026-04-26 18:11:48,True,00394429000100-1-000153/2026,60827030000106.0,60.827.030 JERONIDES LOPES DA SILVA,2026-04-26,180.0,0.36,500.0,12006005900112026,1200600590011202600062,2026,153,394429000100,120060,False,False,00394429000100-1-000153/2026
49219571,10042157,48008011,67,0,67,ELABORAÇÃO DE ARTE - GRÁFICA,Serviço,65.0,650.0,10.0,UNIDADE,False,3,Informática (TIC),1,Menor preço,2,Homologado,1,Participação exclusiva para ME/EPP,False,2026-01-30 07:10:41,2026-04-26 18:11:48,True,00394429000100-1-000153/2026,41977393000175.0,CENTRO SUL GRAFICA & COMUNICACAO VISUAL LTDA,2026-04-26,650.0,65.0,10.0,12006005900112026,1200600590011202600067,2026,153,394429000100,120060,False,False,00394429000100-1-000153/2026
49219572,10042157,48008012,68,0,68,CONFECÇÃO SACOLAS,Serviço,5.49,1647.0,300.0,UNIDADE,False,3,Informática (TIC),1,Menor preço,5,Fracassado,1,Participação exclusiva para ME/EPP,False,2026-01-30 07:10:41,2026-04-26 18:11:48,,00394429000100-1-000153/2026,,,,,,,12006005900112026,1200600590011202600068,2026,153,394429000100,120060,False,False,00394429000100-1-000153/2026
49219573,10042157,48008013,69,0,69,CONFECÇÃO SACOLAS,Serviço,5.49,1647.0,300.0,UNIDADE,False,3,Informática (TIC),1,Menor preço,5,Fracassado,1,Participação exclusiva para ME/EPP,False,2026-01-30 07:10:41,2026-04-26 18:11:48,,00394429000100-1-000153/2026,,,,,,,12006005900112026,1200600590011202600069,2026,153,394429000100,120060,False,False,00394429000100-1-000153/2026
49219574,10042157,48008014,70,0,70,CONFECÇÃO SACOLAS,Serviço,3.19,638.0,200.0,UNIDADE,False,3,Informática (TIC),1,Menor preço,5,Fracassado,1,Participação exclusiva para ME/EPP,False,2026-01-30 07:10:41,2026-04-26 18:11:48,,00394429000100-1-000153/2026,,,,,,,12006005900112026,1200600590011202600070,2026,153,394429000100,120060,False,False,00394429000100-1-000153/2026
49219575,10042157,48008015,71,0,71,CONFECÇÃO SACOLAS,Serviço,3.19,638.0,200.0,UNIDADE,False,3,Informática (TIC),1,Menor preço,5,Fracassado,1,Participação exclusiva para ME/EPP,False,2026-01-30 07:10:41,2026-04-26 18:11:48,,00394429000100-1-000153/2026,,,,,,,12006005900112026,1200600590011202600071,2026,153,394429000100,120060,False,False,00394429000100-1-000153/2026
49219576,10042157,48008016,72,0,72,CONFECÇÃO PASTA - USO PESSOAL PARA DOCUMENTO / CONGRESSO,Serviço,43.9,26340.0,600.0,UNIDADE,False,3,Informática (TIC),1,Menor preço,2,Homologado,1,Participação exclusiva para ME/EPP,False,2026-01-30 07:10:41,2026-04-26 18:11:48,True,00394429000100-1-000153/2026,64248338000140.0,FAVO - DISTRIBUIDORA E SERVICOS LTDA,2026-04-26,20400.0,34.0,600.0,12006005900112026,1200600590011202600072,2026,153,394429000100,120060,False,False,00394429000100-1-000153/2026
49219577,10042157,48008017,73,0,73,CONFECÇÃO DE CRACHÁS,Serviço,15.0,9000.0,600.0,UNIDADE,False,3,Informática (TIC),1,Menor preço,2,Homologado,1,Participação exclusiva para ME/EPP,False,2026-01-30 07:10:41,2026-04-26 18:11:48,True,00394429000100-1-000153/2026,41977393000175.0,CENTRO SUL GRAFICA & COMUNICACAO VISUAL LTDA,2026-04-26,4080.0,6.8,600.0,12006005900112026,1200600590011202600073,2026,153,394429000100,120060,False,False,00394429000100-1-000153/2026
49219578,10042157,48008018,74,0,74,CONFECÇÃO SACOLAS,Serviço,24.0,14400.0,600.0,UNIDADE,False,3,Informática (TIC),1,Menor preço,2,Homologado,1,Participação exclusiva para ME/EPP,False,2026-01-30 07:10:41,2026-04-26 18:11:48,True,00394429000100-1-000153/2026,41977393000175.0,CENTRO SUL GRAFICA & COMUNICACAO VISUAL LTDA,2026-04-26,6000.0,10.0,600.0,12006005900112026,1200600590011202600074,2026,153,394429000100,120060,False,False,00394429000100-1-000153/2026
49219581,10042157,48008019,75,0,75,CONFECÇÃO DE PLACAS /  QUADROS /  DISTINTIVOS / ARTEFATOS DEACRÍLICO / METAL / LAMINADO / PVC,Serviço,37.0,1850.0,50.0,UNIDADE,False,3,Informática (TIC),1,Menor preço,2,Homologado,1,Participação exclusiva para ME/EPP,False,2026-01-30 07:10:41,2026-04-26 18:11:48,True,00394429000100-1-000153/2026,6330279000158.0,CRYSTAL DOURADO ADESIVOS LTDA,2026-04-26,1297.925,25.9585,50.0,12006005900112026,1200600590011202600075,2026,153,394429000100,120060,False,False,00394429000100-1-000153/2026
49219582,10042157,48008020,76,0,76,SERVIÇO GRÁFICO - POLICROMIA,Serviço,40.0,400.0,10.0,UNIDADE,False,3,Informática (TIC),1,Menor preço,2,Homologado,1,Participação exclusiva para ME/EPP,False,2026-01-30 07:10:41,2026-04-26 18:11:49,True,00394429000100-1-000153/2026,60827030000106.0,60.827.030 JERONIDES LOPES DA SILVA,2026-04-26,389.9,38.99,10.0,12006005900112026,1200600590011202600076,2026,153,394429000100,120060,False,False,00394429000100-1-000153/2026
49219583,10042157,48008021,77,0,77,CONFECÇÃO DE PLACAS /  QUADROS /  DISTINTIVOS / ARTEFATOS DEACRÍLICO / METAL / LAMINADO / PVC,Serviço,50.0,1500.0,30.0,UNIDADE,False,3,Informática (TIC),1,Menor preço,2,Homologado,1,Participação exclusiva para ME/EPP,False,2026-01-30 07:10:41,2026-04-26 18:11:49,True,00394429000100-1-000153/2026,41977393000175.0,CENTRO SUL GRAFICA & COMUNICACAO VISUAL LTDA,2026-04-26,750.0,25.0,30.0,12006005900112026,1200600590011202600077,2026,153,394429000100,120060,False,False,00394429000100-1-000153/2026
49219584,10042157,48008022,78,0,78,CONFECÇÃO PLACA COMEMORATIVA,Serviço,250.0,8000.0,32.0,UNIDADE,False,3,Informática (TIC),1,Menor preço,2,Homologado,1,Participação exclusiva para ME/EPP,False,2026-01-30 07:10:41,2026-04-26 18:11:49,True,00394429000100-1-000153/2026,58600411000106.0,GUERRA COMERCIO E SERVICOS LTDA,2026-04-26,7264.0,227.0,32.0,12006005900112026,1200600590011202600078,2026,153,394429000100,120060,False,False,00394429000100-1-000153/2026
49219585,10042157,48008023,79,0,79,GRÁFICO - IMPRESSÃO ETIQUETA,Serviço,0.03,150.0,5000.0,UNIDADE,False,3,Informática (TIC),1,Menor preço,5,Fracassado,1,Participação exclusiva para ME/EPP,False,2026-01-30 07:10:41,2026-04-26 18:11:48,,00394429000100-1-000153/2026,,,,,,,12006005900112026,1200600590011202600079,2026,153,394429000100,120060,False,False,00394429000100-1-000153/2026
49219586,10042157,48008024,80,0,80,GRÁFICO - IMPRESSÃO ETIQUETA,Serviço,0.02,60.0,3000.0,UNIDADE,False,3,Informática (TIC),1,Menor preço,5,Fracassado,1,Participação exclusiva para ME/EPP,False,2026-01-30 07:10:41,2026-04-26 18:11:48,,00394429000100-1-000153/2026,,,,,,,12006005900112026,1200600590011202600080,2026,153,394429000100,120060,False,False,00394429000100-1-000153/2026
49219587,10042157,48008025,81,0,81,CONFECÇÃO / INSTALAÇÃO ETIQUETA PERSONALIZADA - ADESIVO,Serviço,17.25,3450.0,200.0,UNIDADE,False,3,Informática (TIC),1,Menor preço,2,Homologado,1,Participação exclusiva para ME/EPP,False,2026-01-30 07:10:41,2026-04-26 18:11:49,True,00394429000100-1-000153/2026,58600411000106.0,GUERRA COMERCIO E SERVICOS LTDA,2026-04-26,3140.0,15.7,200.0,12006005900112026,1200600590011202600081,2026,153,394429000100,120060,False,False,00394429000100-1-000153/2026
49219588,10042157,48008026,82,0,82,GRÁFICO - IMPRESSÃO ETIQUETA,Serviço,0.02,20.0,1000.0,UNIDADE,False,3,Informática (TIC),1,Menor preço,5,Fracassado,1,Participação exclusiva para ME/EPP,False,2026-01-30 07:10:41,2026-04-26 18:11:49,,00394429000100-1-000153/2026,,,,,,,12006005900112026,1200600590011202600082,2026,153,394429000100,120060,False,False,00394429000100-1-000153/2026
49219589,10042157,48008027,83,0,83,GRÁFICO - IMPRESSÃO ETIQUETA,Serviço,0.02,20.0,1000.0,UNIDADE,False,3,Informática (TIC),1,Menor preço,5,Fracassado,1,Participação exclusiva para ME/EPP,False,2026-01-30 07:10:41,2026-04-26 18:11:49,,00394429000100-1-000153/2026,,,,,,,12006005900112026,1200600590011202600083,2026,153,394429000100,120060,False,False,00394429000100-1-000153/2026
49219590,10042157,48008028,84,0,84,GRÁFICO - IMPRESSÃO ETIQUETA,Serviço,1.3,650.0,500.0,UNIDADE,False,3,Informática (TIC),1,Menor preço,2,Homologado,1,Participação exclusiva para ME/EPP,False,2026-01-30 07:10:41,2026-04-26 18:11:49,True,00394429000100-1-000153/2026,6330279000158.0,CRYSTAL DOURADO ADESIVOS LTDA,2026-04-26,575.0,1.15,500.0,12006005900112026,1200600590011202600084,2026,153,394429000100,120060,False,False,00394429000100-1-000153/2026
49219591,10042157,48008029,85,0,85,GRÁFICO - IMPRESSÃO ETIQUETA,Serviço,1.18,590.0,500.0,UNIDADE,False,3,Informática (TIC),1,Menor preço,2,Homologado,1,Participação exclusiva para ME/EPP,False,2026-01-30 07:10:41,2026-04-26 18:11:49,True,00394429000100-1-000153/2026,6330279000158.0,CRYSTAL DOURADO ADESIVOS LTDA,2026-04-26,530.0,1.06,500.0,12006005900112026,1200600590011202600085,2026,153,394429000100,120060,False,False,00394429000100-1-000153/2026
49219592,10042157,48008030,86,0,86,CONFECÇÃO / INSTALAÇÃO ETIQUETA PERSONALIZADA - ADESIVO,Serviço,17.25,1725.0,100.0,UNIDADE,False,3,Informática (TIC),1,Menor preço,2,Homologado,1,Participação exclusiva para ME/EPP,False,2026-01-30 07:10:41,2026-04-26 18:11:49,True,00394429000100-1-000153/2026,31709675000138.0,DIGIFLEX SOLUCOES INTEGRADAS LTDA,2026-04-26,1229.0,12.29,100.0,12006005900112026,1200600590011202600086,2026,153,394429000100,120060,False,False,00394429000100-1-000153/2026
49219593,10042157,48008031,87,0,87,CONFECÇÃO / INSTALAÇÃO ETIQUETA PERSONALIZADA - ADESIVO,Serviço,101.95,2650.7,26.0,M2,False,3,Informática (TIC),1,Menor preço,2,Homologado,1,Participação exclusiva para ME/EPP,False,2026-01-30 07:10:41,2026-04-26 18:11:49,True,00394429000100-1-000153/2026,63102808000108.0,JULIAN DECORACOES LTDA,2026-04-26,1819.74,69.99,26.0,12006005900112026,1200600590011202600087,2026,153,394429000100,120060,False,False,00394429000100-1-000153/2026
49219594,10222616,49702081,1,0,1,Instalação / manutenção - porta / cancela / portão,Serviço,5189.25,72649.5,14.0,UNIDADE,False,3,Informática (TIC),1,Menor preço,2,Homologado,1,Participação exclusiva para ME/EPP,False,2026-03-06 07:11:35,2026-04-26 18:12:06,True,00394429000100-1-000351/2026,56923768000191.0,LP TECNOLOGIA & SEGURANCA LTDA,2026-04-26,48720.0,3480.0,14.0,12006005900242026,1200600590024202600001,2026,351,394429000100,120060,False,False,00394429000100-1-000351/2026
49219595,9805827,45181154,4,0,4,Papel Para Impressão Formatado,Material,203.99,142793.0,700.0,"Embalagem 250,00 FL",False,3,Informática (TIC),1,Menor preço,2,Homologado,5,Não se aplica,False,2025-12-05 07:05:06,2026-04-26 16:28:36,True,00394445000101-1-000289/2025,39435028000863.0,ECOMMERCE HN LTDA,2026-02-25,125979.0,179.97,700.0,15200405900282025,1520040590028202500004,2025,289,394445000101,152004,False,False,00394445000101-1-000289/2025
49219595,9805827,45181154,4,0,4,Papel Para Impressão Formatado,Material,203.99,142793.0,700.0,"Embalagem 250,00 FL",False,3,Informática (TIC),1,Menor preço,2,Homologado,5,Não se aplica,False,2025-12-05 07:05:06,2026-04-26 16:28:36,True,00394445000101-1-000289/2025,39435028000863.0,ECOMMERCE HN LTDA,2026-04-13,125979.0,179.97,700.0,15200405900282025,1520040590028202500004,2025,289,394445000101,152004,False,False,00394445000101-1-000289/2025
49219595,9805827,45181154,4,0,4,Papel Para Impressão Formatado,Material,203.99,142793.0,700.0,"Embalagem 250,00 FL",False,3,Informática (TIC),1,Menor preço,2,Homologado,5,Não se aplica,False,2025-12-05 07:05:06,2026-04-26 16:28:36,True,00394445000101-1-000289/2025,51643485000172.0,LUCAS O. SANTOS LTDA,2026-04-26,142786.0,203.98,700.0,15200405900282025,1520040590028202500004,2025,289,394445000101,152004,False,False,00394445000101-1-000289/2025
49209281,9735805,44274881,1,0,1,Balcão térmico,Material,4812.0,129924.0,27.0,Unidade,False,3,Informática (TIC),1,Menor preço,5,Fracassado,5,Não se aplica,False,2025-11-25 07:03:27,2026-04-26 22:51:30,,00394452000103-1-023369/2025,,,,,,,16049405900052025,1604940590005202500001,2025,23369,394452000103,160494,False,False,00394452000103-1-023369/2025
49219599,10493110,52360803,1,0,1,"DETERGENTE SANEANTE ASPECTO FÍSICO: LÍQUIDO, CARACTERÍSTICA ADICIONAL: CONCENTRADO, COMPOSIÇÃO: ALQUILAMINA Detergente Super concentrado, A.T.E (Alto Teor de Espuma)- pH: 7,0 a 7,5 (neutro)- Aspecto: líquido homogêneo- Viscosidade: média e estável- Rendimento mínimo: 1:10- Rendimento Máximo: 1:50. Conforme as especificações do Termo de Referência.",Material,127.5,2550.0,20.0,Unidade,False,3,Informática (TIC),1,Menor preço,1,Em andamento,1,Participação exclusiva para ME/EPP,False,2026-04-26 22:11:22,2026-04-26 22:14:23,,00394452000103-1-008269/2026,,,,,,,16004506001332026,1600450600133202600001,2026,8269,394452000103,160045,False,False,00394452000103-1-008269/2026
49219600,10492432,52358496,1,0,1,Construção / manutenção / reforma - telhado Construção / manutenção / reforma - telhado,Serviço,24400.08,24400.08,1.0,UNIDADE,False,3,Informática (TIC),1,Menor preço,1,Em andamento,1,Participação exclusiva para ME/EPP,False,2026-04-26 14:44:03,2026-04-26 14:47:04,,00394452000103-1-008268/2026,,,,,,,16027806001362026,1602780600136202600001,2026,8268,394452000103,160278,False,False,00394452000103-1-008268/2026
49219604,10492587,52359538,1,0,1,Curso Aperfeiçoamento / Especialização Profissional Curso Aperfeiçoamento / Especialização Profissional,Serviço,4800.0,4800.0,1.0,UNIDADE,False,3,Informática (TIC),7,Não se aplica,2,Homologado,5,Não se aplica,False,2026-04-26 19:21:29,2026-04-26 19:24:29,True,00509018000113-1-000864/2026,21922841000126.0,WE GOV - TREINAMENTO PARA GESTAO PUBLICA LTDA,2026-04-26,4800.0,4800.0,1.0,7002007000052026,0700200700005202600001,2026,864,509018000113,70020,False,False,00509018000113-1-000864/2026
49219605,10493076,52360691,1,0,1,Curso Aperfeiçoamento / Especialização Profissional Curso Aperfeiçoamento / Especialização Profissional,Serviço,2700.0,2700.0,1.0,UNIDADE,False,3,Informática (TIC),7,Não se aplica,2,Homologado,5,Não se aplica,False,2026-04-26 21:19:29,2026-04-26 21:22:30,True,00509018000113-1-000865/2026,12095355000190.0,NADIA APARECIDA DALL AGNOL - CONSULTORIA,2026-04-26,2700.0,2700.0,1.0,7002007000062026,0700200700006202600001,2026,865,509018000113,70020,False,False,00509018000113-1-000865/2026
49219608,10492534,52359055,1,0,1,Seminário / Palestra Seminário / Palestra,Serviço,1200.0,2400.0,2.0,UNIDADE,False,3,Informática (TIC),7,Não se aplica,2,Homologado,5,Não se aplica,False,2026-04-26 17:53:12,2026-04-26 17:56:12,True,00509968000148-1-001148/2026,21922841000126.0,WE GOV - TREINAMENTO PARA GESTAO PUBLICA LTDA,2026-04-26,2400.0,1200.0,2.0,8002007000522026,0800200700052202600001,2026,1148,509968000148,80020,False,False,00509968000148-1-001148/2026
49219609,10492568,52359124,1,0,1,Seminário / Palestra Seminário / Palestra,Serviço,1791.0,1791.0,1.0,UNIDADE,False,3,Informática (TIC),7,Não se aplica,2,Homologado,5,Não se aplica,False,2026-04-26 18:40:14,2026-04-26 18:43:15,True,00509968000148-1-001149/2026,10770168000130.0,GRAMADO SUMMIT EVENTOS DE INOVACAO LTDA,2026-04-26,1791.0,1791.0,1.0,8002007000532026,0800200700053202600001,2026,1149,509968000148,80020,False,False,00509968000148-1-001149/2026
49219610,10492583,52359537,1,0,1,Seminário / Palestra Seminário / Palestra,Serviço,2790.0,2790.0,1.0,UNIDADE,False,3,Informática (TIC),7,Não se aplica,2,Homologado,5,Não se aplica,False,2026-04-26 19:15:06,2026-04-26 19:18:06,True,00509968000148-1-001150/2026,6012731000133.0,"ONE CURSOS - TREINAMENTO, DESENVOLVIMENTO E CAPACITACAO LTDA",2026-04-26,2790.0,2790.0,1.0,8002007000542026,0800200700054202600001,2026,1150,509968000148,80020,False,False,00509968000148-1-001150/2026
49219611,10493102,52360797,1,0,1,Seminário / palestra Seminário / palestra,Serviço,4800.0,4800.0,1.0,UNIDADE,False,3,Informática (TIC),7,Não se aplica,2,Homologado,5,Não se aplica,False,2026-04-26 21:42:45,2026-04-26 21:45:46,True,00509968000148-1-001151/2026,42645775000164.0,MARCUS PERILLO ODONTOLOGIA ESTETICA LTDA,2026-04-26,4800.0,4800.0,1.0,8002007000552026,0800200700055202600001,2026,1151,509968000148,80020,False,False,00509968000148-1-001151/2026
49219612,10492500,52358988,1,0,1,Seminário / Palestra Seminário / Palestra,Serviço,4590.0,4590.0,1.0,UNIDADE,False,3,Informática (TIC),7,Não se aplica,2,Homologado,5,Não se aplica,False,2026-04-26 16:54:14,2026-04-26 16:57:15,True,00509968000148-1-001147/2026,44825501000263.0,INFOCO-RH LTDA,2026-04-26,4590.0,4590.0,1.0,8002007000512026,0800200700051202600001,2026,1147,509968000148,80020,False,False,00509968000148-1-001147/2026
49219613,10492371,52358360,1,0,1,"Treinamento na Área de Administração Pública Vincula-se a Nota de Empenho ao Termo de Referência. O pagamento será efetuado por meio de depósito bancário no valor total de R$ 1.651,80 (um mil seiscentos e cinquenta e um reais e oitenta centavos). No caso de descumprimento de qualquer condição pactuada, a contratada ficará sujeita às sanções previstas nos art. 155 a 163 da lei 14.133/2021.",Serviço,1651.8,1651.8,1.0,UNIDADE,False,3,Informática (TIC),7,Não se aplica,2,Homologado,5,Não se aplica,False,2026-04-26 13:21:44,2026-04-26 13:24:46,True,00627612000109-1-000057/2026,5052756518.0,ISRAEL MARQUES CAMPOS,2026-04-26,1651.8,1651.8,1.0,11470207001112026,1147020700111202600001,2026,57,627612000109,114702,False,False,00627612000109-1-000057/2026
49219614,10492393,52358423,1,0,1,"Treinamento na Área de Administração Pública Vincula-se a Nota de Empenho ao Termo de Referência. O pagamento será efetuado por meio de depósito bancário no valor total de R$ 1.651,80 (um mil seiscentos e cinquenta e um reais e oitenta centavos). No caso de descumprimento de qualquer condição pactuada, a contratada ficará sujeita às sanções previstas nos art. 155 a 163 da lei 14.133/2021.",Serviço,1651.8,1651.8,1.0,UNIDADE,False,3,Informática (TIC),7,Não se aplica,2,Homologado,5,Não se aplica,False,2026-04-26 13:38:26,2026-04-26 13:41:27,True,00627612000109-1-000058/2026,30832653870.0,DEBORA REGINA DE ALMEIDA BARBOZA,2026-04-26,1651.8,1651.8,1.0,11470207001122026,1147020700112202600001,2026,58,627612000109,114702,False,False,00627612000109-1-000058/2026
49219615,10442592,51885698,1,0,1,"Indicador Biológico tipo: terceira geração, apresentação: autocontido, ampola com meio de cultura, espécie: geobacillus stearothermophilus, características adicionais: resposta a partir de 20 minutos, aplicação: para esterilização a vapor SIGE 51992 - Indicador Biológico (Caixa com 50 Unidades). Indicador biológico para a monitorização e avaliação dos ciclos de esterilização em autoclaves a vapor. Quando a esterilização for bem sucedida a ampola teste permanecerá roxa e a ampola(...)",Material,217.57,3045.98,14.0,Unidade,False,3,Informática (TIC),1,Menor preço,2,Homologado,1,Participação exclusiva para ME/EPP,False,2026-04-15 09:37:42,2026-04-26 15:04:37,True,17879859000115-1-000031/2026,10709819000186.0,"KENYA CARRILO -  MATERIAIS,  VESTUARIO, EQUIPAMENTOS E PROMOCAO DE VENDAS LTDA",2026-04-26,2095.1,149.65,14.0,15302806000332026,1530280600033202600001,2026,31,17879859000115,153028,False,False,17879859000115-1-000031/2026
